,visit_id,name,num_nodes,num_edges,nodes_div_by_edges,edges_div_by_nodes,in_degree,out_degree,in_out_degree,ancestors,descendants,closeness_centrality,average_degree_connectivity,eccentricity,is_parent_script,is_ancestor_script,ascendant_has_ad_keyword,is_eval_or_function,descendant_of_eval_or_function,ascendant_script_has_eval_or_function,ascendant_script_has_fp_keyword,ascendant_script_length,num_get_storage,num_set_storage,num_get_cookie,num_set_cookie,num_script_predecessors,num_script_successors,num_requests_sent,num_requests_received,num_redirects_sent,num_redirects_rec,max_depth_redirect,indirect_in_degree,indirect_out_degree,indirect_ancestors,indirect_descendants,indirect_closeness_centrality,indirect_average_degree_connectivity,indirect_eccentricity,indirect_mean_in_weights,indirect_min_in_weights,indirect_max_in_weights,indirect_mean_out_weights,indirect_min_out_weights,indirect_max_out_weights,num_set_get_src,num_set_mod_src,num_set_url_src,num_get_url_src,num_set_get_dst,num_set_mod_dst,num_set_url_dst,num_get_url_dst,indirect_all_in_degree,indirect_all_out_degree,indirect_all_ancestors,indirect_all_descendants,indirect_all_closeness_centrality,indirect_all_average_degree_connectivity,indirect_all_eccentricity,content_policy_type,url_length,is_subdomain,is_valid_qs,is_third_party,base_domain_in_query,semicolon_in_query,screen_size_present,ad_size_present,ad_size_in_qs_present,keyword_raw_present,keyword_char_present
0,3063639692373196,https://www.synopsys.com/,312,628,0.4968152866242038,2.0128205128205128,1,115,116,0,308,0.0,5.939655172413793,-1,0,0,0,0,0,0,0,0,0,0,0,0,0,24,114,1,11,0,0,3,3,24,18,0.08951048951048951,1.4285714285714286,2,1.3333333333333333,1.0,2.0,3.2777777777777777,1.0,4.0,0,0,0,18,0,0,3,0,4,4,28,308,0.04422632143058611,17.7007299270073,-1,main_frame,25,1,1,0,0,0,0,0,0,0,0
0,3063639692373196,https://assets.adobedtm.com/79b3942b8dfa/59af1e6a08aa/launch-44cc9b8559b8.min.js?ts=168667,312,628,0.4968152866242038,2.0128205128205128,1,61,62,1,101,0.003215434083601286,5.451612903225806,-1,0,0,0,0,0,0,0,0,828,121,660,30,0,0,8,1,0,0,0,24,24,23,143,0.16083916083916083,11.133333333333333,2,2.6285714285714286,1.0,17.0,1.6645962732919255,1.0,17.0,24,10,126,1,24,10,1,0,25,25,28,308,0.07202572347266882,13.294117647058824,-1,script,90,0,1,1,0,0,0,0,0,1,1
0,3063639692373196,https://www.synopsys.com/etc.clientlibs/synopsys/clientlibs/custom-jquery.min.d427b76f1da5b9be60fc42345f4e465a.js,312,628,0.4968152866242038,2.0128205128205128,1,50,51,1,50,0.003215434083601286,0.9803921568627451,-1,0,0,0,0,0,0,0,0,0,0,0,0,0,0,0,1,0,0,0,3,3,24,0,0.08951048951048951,0.0,3,1.3333333333333333,1.0,2.0,-1.0,-1.0,-1.0,0,0,0,0,0,0,3,0,4,4,29,50,0.04662379421221865,0.9259259259259259,-1,script,113,1,1,0,0,0,0,0,0,0,0
0,3063639692373196,https://connect.facebook.net/en_US/fbevents.js,312,628,0.4968152866242038,2.0128205128205128,2,3,5,3,6,0.0072347266881028945,20.46086956521739,-1,0,1,1,0,0,1,1,415287,1,0,0,0,0,0,0,1,0,0,0,1,1,24,0,0.08570153251004314,0.0,3,2.0,2.0,2.0,-1.0,-1.0,-1.0,0,0,0,0,0,0,1,0,3,3,30,6,0.045217041800643086,0.6666666666666666,-1,script,46,0,1,1,0,0,0,0,0,0,0
0,3063639692373196,https://s2.go-mpulse.net/boomerang/NF6LE-XXX7A-MEUWY-9UVCB-RT7NF,312,628,0.4968152866242038,2.0128205128205128,2,16,18,2,16,0.006430868167202572,13.296296296296296,-1,0,0,0,0,0,0,0,0,16,4,13,3,0,0,0,1,0,0,0,22,22,23,143,0.14797202797202796,14.657142857142857,3,2.72,1.0,3.0,1.2,1.0,3.0,12,2,1,0,22,2,1,0,24,24,28,308,0.06463846978316432,17.79245283018868,-1,script,64,0,1,1,0,0,0,0,0,0,0
0,3063639692373196,https://cdn.cookielaw.org/scripttemplates/otSDKStub.js,312,628,0.4968152866242038,2.0128205128205128,1,6,7,1,6,0.003215434083601286,6.1098901098901095,-1,0,0,0,0,0,0,0,0,6,0,4,0,0,0,0,1,0,0,0,21,21,24,0,0.14918414918414918,0.0,3,2.8636363636363638,1.0,3.0,-1.0,-1.0,-1.0,0,0,0,0,21,0,1,0,22,22,29,6,0.06288790847229492,4.821428571428571,-1,script,54,0,1,1,0,0,0,0,0,0,0
0,3063639692373196,https://cdn.cookielaw.org/scripttemplates/6.27.0/otBannerSdk.js,312,628,0.4968152866242038,2.0128205128205128,1,24,25,1,24,0.003215434083601286,8.52,-1,0,0,0,0,0,0,0,0,91,4,91,4,0,0,0,1,0,0,0,23,23,23,143,0.15413752913752915,12.547169811320755,2,2.72,1.0,3.0,1.934782608695652,1.0,4.0,11,1,80,0,23,1,1,0,24,24,28,308,0.06463846978316432,16.31297709923664,-1,script,63,0,1,1,0,0,0,0,0,1,0
0,3063639692373196,https://www.synopsys.com/etc.clientlibs/synopsys/clientlibs/synopsys-pagelibs.min.a01fc7a31f9dc0b3c58265dad5b86f9b.js,312,628,0.4968152866242038,2.0128205128205128,1,15,16,1,16,0.003215434083601286,12.375,-1,0,0,0,0,0,0,0,0,9,0,9,0,0,0,0,1,0,0,0,24,24,24,0,0.16783216783216784,0.0,3,2.6153846153846154,1.0,3.0,-1.0,-1.0,-1.0,0,0,0,0,23,0,3,0,25,25,29,16,0.07511611289746338,5.3,-1,script,117,1,1,0,0,0,0,0,0,1,0
0,3063639692373196,https://js.adsrvr.org/up_loader.1.1.0.js,312,628,0.4968152866242038,2.0128205128205128,2,3,5,3,3,0.0072347266881028945,20.46086956521739,-1,0,1,1,0,0,1,1,415287,2,0,2,0,0,0,0,1,0,0,0,6,6,30,0,0.11655011655011656,0.0,3,2.0,2.0,2.0,-1.0,-1.0,-1.0,0,0,0,0,5,0,1,0,8,8,55,3,0.06316031235645383,1.3636363636363635,-1,script,40,0,1,1,0,0,0,0,0,1,1
0,3063639692373196,https://static.cloud.coveo.com/atomic/v2/p-4f170369.js,312,628,0.4968152866242038,2.0128205128205128,1,1,2,1,1,0.003215434083601286,1.7166666666666666,-1,0,0,0,0,0,0,0,0,0,0,0,0,0,0,0,1,0,0,0,1,1,24,0,0.08570153251004314,0.0,3,1.0,1.0,1.0,-1.0,-1.0,-1.0,0,0,0,0,0,0,1,0,2,2,29,1,0.04292349308426478,0.3333333333333333,-1,script,54,0,1,1,0,0,0,0,0,0,0
0,3063639692373196,https://www.youtube.com/iframe_api,312,628,0.4968152866242038,2.0128205128205128,2,4,6,3,5,0.0072347266881028945,18.833333333333332,-1,0,1,1,0,0,1,1,415287,0,3,0,3,0,0,0,1,0,0,0,1,1,24,1,0.08570153251004314,1.0,3,2.0,2.0,2.0,2.0,2.0,2.0,1,0,0,0,0,0,1,0,3,3,30,5,0.045217041800643086,1.625,-1,script,34,0,1,1,0,0,0,0,0,1,1
0,3063639692373196,https://munchkin.marketo.net/munchkin.js,312,628,0.4968152866242038,2.0128205128205128,2,2,4,2,23,0.006430868167202572,2.7708333333333335,-1,0,0,0,0,0,0,0,0,0,0,0,0,0,0,0,1,0,0,0,1,1,24,0,0.08570153251004314,0.0,3,2.0,2.0,2.0,-1.0,-1.0,-1.0,0,0,0,0,0,0,1,0,3,3,28,308,0.04583455130078924,0.6,-1,script,40,0,1,1,0,0,0,0,0,0,0
0,3063639692373196,https://js.adsrvr.org/universal_pixel.1.1.0.js,312,628,0.4968152866242038,2.0128205128205128,1,5,6,1,5,0.003215434083601286,18.833333333333332,-1,0,0,0,0,0,0,0,0,2,0,2,0,0,0,0,1,0,0,0,6,6,30,0,0.11655011655011656,0.0,3,1.8333333333333333,1.0,2.0,-1.0,-1.0,-1.0,0,0,0,0,5,0,1,0,7,7,54,5,0.061282390769812754,1.4166666666666667,-1,script,46,0,1,1,0,0,0,0,0,1,1
0,3063639692373196,https://munchkin.marketo.net/163/munchkin.js,312,628,0.4968152866242038,2.0128205128205128,2,20,22,4,20,0.007349563619660082,11.090909090909092,-1,0,1,0,0,0,1,0,1251,50,1,49,1,0,0,0,1,0,0,0,24,24,23,143,0.16083916083916083,11.547169811320755,2,2.96,1.0,9.0,1.036144578313253,1.0,2.0,3,0,80,0,24,0,1,0,26,26,28,308,0.07877813504823152,16.0078125,-1,script,44,0,1,1,0,0,0,0,0,0,0
0,3063639692373196,https://static.ads-twitter.com/uwt.js,312,628,0.4968152866242038,2.0128205128205128,2,5,7,3,5,0.0072347266881028945,6.1098901098901095,-1,0,1,1,0,0,1,1,415287,5,0,5,0,0,0,0,1,0,0,0,21,21,24,0,0.14918414918414918,0.0,3,2.909090909090909,2.0,3.0,-1.0,-1.0,-1.0,0,0,0,0,21,0,1,0,23,23,30,5,0.06577024261911721,5.357142857142857,-1,script,37,0,1,1,0,0,0,0,0,1,1
0,3063639692373196,https://connect.facebook.net/signals/config/106545146754656?v=2.9.138&r=stable&domain=www.synopsys.com,312,628,0.4968152866242038,2.0128205128205128,2,2,4,5,2,0.007307804735457468,2.7708333333333335,-1,0,1,1,0,0,1,1,415287,2,2,0,0,0,0,0,1,0,0,0,4,4,24,0,0.08951048951048951,1.0,3,2.5,2.0,4.0,2.0,2.0,2.0,1,0,0,0,1,0,3,0,6,6,32,2,0.05144694533762058,1.2222222222222223,-1,script,102,0,1,1,0,0,0,0,0,0,0
0,3063639692373196,https://synopsys.demdex.net/dest5.html?d_nsid=0#https%3A%2F%2Fwww.synopsys.com,312,628,0.4968152866242038,2.0128205128205128,2,3,5,3,3,0.0072347266881028945,20.46086956521739,-1,0,1,1,0,0,1,1,415287,7,4,7,4,0,0,0,1,0,0,0,12,12,36,13,0.14857273873667318,7.8,3,1.3846153846153846,1.0,4.0,1.0,1.0,1.0,8,1,2,0,9,1,3,0,14,14,53,42,0.08211049400760011,8.16,-1,sub_frame,78,0,1,1,0,0,0,0,0,0,0
0,3063639692373196,https://assets.adobedtm.com/79b3942b8dfa/59af1e6a08aa/ebbfdbdecab5/RC288c6fd821d74451bd49415f8113bd5f-source.min.js,312,628,0.4968152866242038,2.0128205128205128,2,0,2,3,0,0.0072347266881028945,1.7166666666666666,-1,0,1,1,0,0,1,1,415287,0,0,0,0,0,0,0,1,0,0,0,1,1,24,0,0.08570153251004314,0.0,3,4.0,4.0,4.0,-1.0,-1.0,-1.0,0,0,0,0,0,0,1,0,3,3,30,0,0.045217041800643086,0.0,-1,script,115,0,1,1,0,0,0,0,0,1,1
0,3063639692373196,https://assets.adobedtm.com/79b3942b8dfa/59af1e6a08aa/ebbfdbdecab5/RC199d047109614fca8d7cbc69957a6d9d-source.min.js,312,628,0.4968152866242038,2.0128205128205128,2,0,2,3,0,0.0072347266881028945,1.7166666666666666,-1,0,1,1,0,0,1,1,415287,0,0,0,0,0,0,0,1,0,0,0,1,1,24,0,0.08570153251004314,0.0,3,4.0,4.0,4.0,-1.0,-1.0,-1.0,0,0,0,0,0,0,1,0,3,3,30,0,0.045217041800643086,0.0,-1,script,115,0,1,1,0,0,0,0,0,1,1
0,3063639692373196,https://static.cloud.coveo.com/atomic/v2/atomic.esm.js,312,628,0.4968152866242038,2.0128205128205128,2,0,2,3,0,0.0072347266881028945,1.7166666666666666,-1,0,1,1,0,0,1,1,335594,0,0,0,0,0,0,0,1,0,0,0,1,1,24,0,0.08570153251004314,0.0,3,2.0,2.0,2.0,-1.0,-1.0,-1.0,0,0,0,0,0,0,1,0,3,3,31,0,0.04681866900516419,0.0,-1,script,54,0,1,1,0,0,0,0,0,0,0
0,3063639692373196,https://assets.adobedtm.com/79b3942b8dfa/59af1e6a08aa/ebbfdbdecab5/RCc6e694fce3ed479f88886499bed532ce-source.min.js,312,628,0.4968152866242038,2.0128205128205128,2,0,2,3,0,0.0072347266881028945,1.7166666666666666,-1,0,1,1,0,0,1,1,415287,0,0,0,0,0,0,0,1,0,0,0,1,1,24,0,0.08570153251004314,0.0,3,4.0,4.0,4.0,-1.0,-1.0,-1.0,0,0,0,0,0,0,1,0,3,3,30,0,0.045217041800643086,0.0,-1,script,115,0,1,1,0,0,0,0,0,1,1
0,3063639692373196,https://www.youtube.com/s/player/da154528/www-widgetapi.vflset/www-widgetapi.js,312,628,0.4968152866242038,2.0128205128205128,2,2,4,5,2,0.007307804735457468,2.7708333333333335,-1,0,1,1,0,0,1,1,415287,2,0,2,0,0,0,0,1,0,0,0,2,2,25,0,0.09105477855477856,0.0,3,2.0,2.0,2.0,-1.0,-1.0,-1.0,0,0,0,0,1,0,1,0,4,4,32,2,0.04914335077026443,0.6666666666666666,-1,script,79,0,1,1,0,0,0,0,0,1,1
0,3063639692373196,https://www.synopsys.com/content/dam/synopsys/homepage/2021/imagery/purple-footer.png,312,628,0.4968152866242038,2.0128205128205128,1,6,7,1,17,0.003215434083601286,6.1098901098901095,-1,0,0,0,0,0,0,0,0,5,0,5,0,0,0,1,1,0,1,1,23,23,24,12,0.16111888111888112,0.6857142857142857,3,3.4166666666666665,1.0,4.0,1.0,1.0,1.0,0,0,0,12,21,0,3,0,24,24,29,17,0.0711626332712811,7.439024390243903,-1,image,85,1,1,0,0,0,0,0,0,0,0
0,3063639692373196,https://images.synopsys.com/is/image/synopsys/purple-footer-1?$responsive$&dpr=off,312,628,0.4968152866242038,2.0128205128205128,1,12,13,2,12,0.004287245444801715,9.923076923076923,-1,0,0,0,0,0,0,0,0,12,0,12,0,0,0,0,1,0,0,0,4,4,24,0,0.09154481881754609,0.0,3,2.3333333333333335,1.0,8.0,-1.0,-1.0,-1.0,0,0,0,0,3,0,3,0,5,5,30,12,0.04989466681450272,8.941176470588236,-1,image,82,1,1,0,0,0,0,0,0,0,0
0,3063639692373196,https://cm.everesttech.net/cm/dd?d_uuid=14578107721755716464288238188251179236,312,628,0.4968152866242038,2.0128205128205128,1,3,4,1,6,0.003215434083601286,2.7708333333333335,-1,0,0,0,0,0,0,0,0,0,2,0,2,0,0,1,1,0,1,1,2,2,36,13,0.12414982277995977,7.666666666666667,3,2.0,2.0,2.0,1.0,1.0,1.0,0,0,1,0,0,0,2,0,3,3,53,42,0.065450393774174,4.666666666666667,-1,image,78,0,1,1,0,0,0,0,0,0,0
0,3063639692373196,https://dpm.demdex.net/ibs:dpid=411&dpuuid=ZYMe6gAAAKABFgN-,312,628,0.4968152866242038,2.0128205128205128,1,3,4,2,3,0.004287245444801715,2.7708333333333335,-1,0,0,0,0,0,0,0,0,2,2,2,2,0,0,0,1,0,0,0,11,11,36,13,0.1461764042409204,7.695652173913044,3,1.0,1.0,1.0,1.5,1.0,2.0,8,6,4,0,9,1,2,0,11,11,53,42,0.07786339948996562,9.615384615384615,-1,image,59,0,1,1,0,0,0,0,0,0,0
0,3063639692373196,https://cm.g.doubleclick.net/pixel?google_nid=adobe_dmp&google_cm&gdpr=0&gdpr_consent=&google_hm=MTQ1NzgxMDc3MjE3NTU3MTY0NjQyODgyMzgxODgyNTExNzkyMzY=,312,628,0.4968152866242038,2.0128205128205128,2,4,6,2,10,0.006430868167202572,18.833333333333332,-1,1,1,1,0,0,1,1,415287,0,4,0,4,1,0,2,3,2,2,1,3,3,37,3,0.12764568764568765,2.4,3,2.3333333333333335,1.0,4.0,1.0,1.0,1.0,1,4,0,0,0,1,2,0,4,4,53,42,0.06641289956497068,3.111111111111111,-1,image,149,0,1,1,0,0,0,0,0,1,1
0,3063639692373196,https://cm.g.doubleclick.net/pixel?google_nid=adobe_dmp&google_cm=&gdpr=0&gdpr_consent=&google_hm=MTQ1NzgxMDc3MjE3NTU3MTY0NjQyODgyMzgxODgyNTExNzkyMzY=&google_tc=,312,628,0.4968152866242038,2.0128205128205128,2,6,8,3,9,0.0072347266881028945,1.40625,-1,1,1,1,0,0,1,1,415287,3,6,3,6,1,0,2,3,0,2,2,4,4,38,2,0.13286713286713286,1.8571428571428572,3,1.125,1.0,2.0,1.0,1.0,1.0,3,1,0,0,2,4,2,0,4,4,53,42,0.06690484696915565,5.923076923076923,-1,image,161,0,1,1,0,0,0,0,0,1,1
0,3063639692373196,https://dpm.demdex.net/ibs:dpid=771&dpuuid=CAESEFcfAhzx5pUyFT1cohGzDys&google_cver=1?gdpr=0&gdpr_consent=,312,628,0.4968152866242038,2.0128205128205128,1,3,4,4,3,0.006430868167202572,2.7708333333333335,-1,0,1,1,0,0,1,1,415287,3,2,3,2,0,0,0,1,0,0,0,10,10,36,13,0.14385614385614387,8.666666666666666,3,1.5833333333333333,1.0,2.0,1.75,1.0,2.0,8,0,0,0,9,2,1,0,11,11,53,42,0.07854047252900881,9.545454545454545,-1,image,105,0,1,1,0,0,0,0,0,0,0
0,3063639692373196,https://dpm.demdex.net/ibs:dpid=771&dpuuid=CAESEMyuJQlZ5wHGz6_-HNmqRPE&google_cver=1?gdpr=0&gdpr_consent=,312,628,0.4968152866242038,2.0128205128205128,2,3,5,4,3,0.00857449088960343,20.46086956521739,-1,1,1,1,0,0,1,1,415287,6,4,6,4,1,0,0,2,0,0,0,10,10,36,13,0.14385614385614387,8.666666666666666,3,1.5833333333333333,1.0,2.0,1.75,1.0,2.0,8,0,0,0,9,2,1,0,11,11,53,42,0.07854047252900881,9.545454545454545,-1,image,105,0,1,1,0,0,0,0,0,0,0
0,3063639692373196,https://match.adsrvr.org/track/cmf/generic?ttd_pid=aam&gdpr=0&gdpr_consent=&domain=www.synopsys.com&ttd_tpi=1,312,628,0.4968152866242038,2.0128205128205128,2,5,7,2,10,0.006430868167202572,6.1098901098901095,-1,1,1,1,0,0,1,1,415287,0,6,0,6,1,0,2,3,2,2,1,4,4,24,25,0.08951048951048951,8.526315789473685,3,2.0,1.0,4.0,1.206896551724138,1.0,2.0,6,12,9,2,0,2,3,0,5,5,29,54,0.04662379421221865,9.833333333333334,-1,image,109,0,1,1,0,0,0,0,0,1,1
0,3063639692373196,https://match.adsrvr.org/track/cmb/generic?ttd_pid=aam&gdpr=0&gdpr_consent=&domain=www.synopsys.com&ttd_tpi=1,312,628,0.4968152866242038,2.0128205128205128,2,6,8,3,9,0.0072347266881028945,1.40625,-1,1,1,1,0,0,1,1,415287,6,6,6,6,1,0,2,3,0,2,2,8,8,29,5,0.11531605649252707,4.642857142857143,3,1.5,1.0,2.0,2.0,2.0,2.0,6,0,0,0,5,4,3,0,8,8,53,42,0.061028069870513596,7.8,-1,image,109,0,1,1,0,0,0,0,0,1,1
0,3063639692373196,https://dpm.demdex.net/ibs:dpid=903&dpuuid=eacb3935-9ae0-4535-b38b-4f8c01e9e316,312,628,0.4968152866242038,2.0128205128205128,2,3,5,4,3,0.00857449088960343,20.46086956521739,-1,1,1,1,0,0,1,1,415287,6,4,6,4,1,0,0,2,0,0,0,11,11,36,13,0.1461764042409204,8.210526315789474,3,1.4666666666666666,1.0,2.0,1.75,1.0,2.0,8,0,0,0,9,2,2,2,12,12,53,42,0.08211049400760011,9.130434782608695,-1,image,79,0,1,1,0,0,0,0,0,0,0
0,3063639692373196,https://c.bing.com/c.gif?uid=14578107721755716464288238188251179236&Red3=MSAdobe_pd&gdpr=0&gdpr_consent=,312,628,0.4968152866242038,2.0128205128205128,2,7,9,2,10,0.006430868167202572,0.7777777777777778,-1,1,1,1,0,0,1,1,415287,0,8,0,8,1,0,2,3,0,2,1,3,3,36,13,0.1258741258741259,7.333333333333333,3,1.4,1.0,2.0,1.0,1.0,1.0,0,3,2,0,0,3,2,0,4,4,53,42,0.06592813387471542,5.083333333333333,-1,image,104,0,1,1,0,0,0,0,0,1,0
0,3063639692373196,https://dpm.demdex.net/ibs:dpid=1957&dpuuid=15105715B2F4651C007844F8B3DC6443,312,628,0.4968152866242038,2.0128205128205128,2,3,5,3,3,0.0072347266881028945,20.46086956521739,-1,1,1,1,0,0,1,1,415287,6,4,6,4,1,0,0,2,0,0,0,11,11,36,13,0.1461764042409204,8.210526315789474,3,1.5,1.0,2.0,1.75,1.0,2.0,8,0,0,0,9,2,3,0,11,11,53,42,0.07786339948996562,9.545454545454545,-1,image,76,0,1,1,0,0,0,0,0,0,0
0,3063639692373196,https://dpm.demdex.net/ibs:dpid=903&dpuuid=cf5ca3a0-24df-411b-94c8-cfd4ea67ae36,312,628,0.4968152866242038,2.0128205128205128,1,3,4,4,3,0.006430868167202572,2.7708333333333335,-1,0,1,1,0,0,1,1,415287,3,2,3,2,0,0,0,1,0,0,0,12,12,36,13,0.14857273873667318,7.8,3,1.4666666666666666,1.0,2.0,1.75,1.0,2.0,8,0,0,0,9,2,3,1,13,13,53,42,0.08520900321543408,8.75,-1,image,79,0,1,1,0,0,0,0,0,0,0
0,3063639692373196,https://dpm.demdex.net/ibs:dpid=1957&dpuuid=1CDC9D8467EF62582E648E6966C76365,312,628,0.4968152866242038,2.0128205128205128,1,3,4,3,3,0.005787781350482316,2.7708333333333335,-1,0,1,1,0,0,1,1,415287,3,2,3,2,0,0,0,1,0,0,0,11,11,36,13,0.1461764042409204,8.210526315789474,3,1.5,1.0,2.0,1.75,1.0,2.0,8,0,0,0,9,2,3,0,11,11,53,42,0.07786339948996562,9.545454545454545,-1,image,76,0,1,1,0,0,0,0,0,0,0
0,3063639692373196,https://ups.analytics.yahoo.com/ups/55953/sync?uid=cf5ca3a0-24df-411b-94c8-cfd4ea67ae36&_origin=1&redir=true&gdpr=0&gdpr_consent=&redir=true,312,628,0.4968152866242038,2.0128205128205128,1,2,3,1,7,0.003215434083601286,4.090909090909091,-1,0,0,0,0,0,0,0,0,0,1,0,1,0,0,1,1,1,1,1,3,3,26,2,0.09647495361781076,3.2,3,1.0,1.0,1.0,1.0,1.0,1.0,2,2,0,0,0,0,3,0,4,4,33,53,0.050022967386311436,3.4285714285714284,-1,sub_frame,140,0,1,1,0,0,0,0,0,0,0
0,3063639692373196,https://ups.analytics.yahoo.com/ups/55953/sync?uid=cf5ca3a0-24df-411b-94c8-cfd4ea67ae36&_origin=1&redir=true&gdpr=0&gdpr_consent=&redir=true&verify=true,312,628,0.4968152866242038,2.0128205128205128,1,3,4,2,6,0.004287245444801715,2.7708333333333335,-1,0,0,0,0,0,0,0,0,1,2,1,2,0,0,1,1,1,1,2,6,6,28,1,0.10750034279446045,2.0,3,1.0,1.0,1.0,1.3333333333333333,1.0,2.0,2,1,0,0,3,1,3,0,6,6,33,53,0.05149423113296765,2.6,-1,sub_frame,152,0,1,1,0,0,0,0,0,0,0
0,3063639692373196,https://ups.analytics.yahoo.com/ups/58824/sync?_origin=0&dpid=55953&ovsid=cf5ca3a0-24df-411b-94c8-cfd4ea67ae36&gdpr=0&redir=true,312,628,0.4968152866242038,2.0128205128205128,1,3,4,3,5,0.00482315112540193,2.7708333333333335,-1,0,0,0,0,0,0,0,0,2,2,2,2,0,0,1,1,0,1,3,6,6,28,1,0.10750034279446045,2.0,3,1.25,1.0,2.0,1.5,1.0,2.0,2,0,0,0,3,2,3,0,6,6,33,53,0.05149423113296765,3.6363636363636362,-1,sub_frame,128,0,1,1,0,0,0,0,0,0,0
0,3063639692373196,https://hb.yahoo.net/cksync?cs=63&axid_e=eS0xQ1lDWnZaRTJ1SEN1aTFkd0hRM2VDZkl1ckNleWtYVX5B&gdpr=0&ovsid=cf5ca3a0-24df-411b-94c8-cfd4ea67ae36&dpid=55953,312,628,0.4968152866242038,2.0128205128205128,1,2,3,4,2,0.005144694533762058,4.090909090909091,-1,0,0,0,0,0,0,0,0,0,2,0,2,0,0,0,1,0,0,0,3,3,25,24,0.09105477855477856,6.545454545454546,3,1.0,1.0,1.0,1.0,1.0,1.0,0,0,8,0,0,0,3,0,4,4,33,53,0.050022967386311436,7.0,-1,sub_frame,150,0,1,1,0,0,0,0,0,0,0
0,3063639692373196,https://pixel.rubiconproject.com/tap.php?v=8981&nid=2307&put=cf5ca3a0-24df-411b-94c8-cfd4ea67ae36&gdpr=0&gdpr_consent=&expires=30&next=https%3A%2F%2Fmatch.adsrvr.org%2Ftrack%2Fcmf%2Frubicon,312,628,0.4968152866242038,2.0128205128205128,1,3,4,1,5,0.003215434083601286,2.7708333333333335,-1,0,0,0,0,0,0,0,0,0,2,0,2,0,0,1,1,0,1,1,3,3,26,0,0.09647495361781076,0.0,3,1.0,1.0,1.0,-1.0,-1.0,-1.0,0,0,0,0,0,0,3,0,4,4,34,45,0.050918380830727215,2.4285714285714284,-1,sub_frame,189,0,1,1,0,0,0,0,0,1,1
0,3063639692373196,https://match.adsrvr.org/track/cmf/rubicon?gdpr=0,312,628,0.4968152866242038,2.0128205128205128,1,2,3,2,2,0.004287245444801715,4.090909090909091,-1,0,0,1,0,0,0,0,0,2,2,2,2,0,0,0,1,0,0,0,6,6,29,5,0.11096450719092228,5.416666666666667,3,1.625,1.0,2.0,2.0,2.0,2.0,6,0,0,0,5,2,1,0,7,7,53,42,0.059422068031815864,7.0,-1,sub_frame,49,0,1,1,0,0,0,0,0,1,1
0,3063639692373196,https://cm.g.doubleclick.net/pixel?google_nid=TheTradeDesk&google_cm&google_sc&google_hm=Y2Y1Y2EzYTAtMjRkZi00MTFiLTk0YzgtY2ZkNGVhNjdhZTM2&gdpr=0&gdpr_consent=&ttd_tdid=cf5ca3a0-24df-411b-94c8-cfd4ea67ae36,312,628,0.4968152866242038,2.0128205128205128,1,2,3,1,4,0.003215434083601286,4.090909090909091,-1,0,0,0,0,0,0,0,0,1,0,1,0,0,0,1,1,0,1,1,4,4,39,0,0.12513368983957218,0.0,3,1.0,1.0,1.0,-1.0,-1.0,-1.0,0,0,0,0,1,0,3,0,5,5,53,42,0.065450393774174,2.7142857142857144,-1,sub_frame,204,0,1,1,0,0,0,0,0,1,0
0,3063639692373196,https://match.adsrvr.org/track/cmf/google?g_uuid=&gdpr=0&gdpr_consent=&ttd_tdid=cf5ca3a0-24df-411b-94c8-cfd4ea67ae36&google_gid=CAESEBNKSdgW5O7OBaJ2De2siIw&google_cver=1,312,628,0.4968152866242038,2.0128205128205128,1,2,3,2,2,0.004287245444801715,4.090909090909091,-1,0,0,1,0,0,0,0,0,2,2,2,2,0,0,0,1,0,0,0,7,7,29,5,0.11309844002151694,5.0,3,1.5,1.0,2.0,2.0,2.0,2.0,6,0,0,0,5,2,3,0,8,8,53,42,0.06740413687191053,6.5625,-1,sub_frame,169,0,1,1,0,0,0,0,0,1,1
0,3063639692373196,https://www.synopsys.com/content/dam/synopsys/util/gdpr/geo_v3.js,312,628,0.4968152866242038,2.0128205128205128,1,10,11,1,10,0.003215434083601286,8.727272727272727,-1,0,0,0,0,0,0,0,0,19,0,18,0,0,0,0,1,0,0,0,24,24,24,0,0.16783216783216784,0.0,3,2.6153846153846154,1.0,3.0,-1.0,-1.0,-1.0,0,0,0,0,23,0,3,0,25,25,29,10,0.07511611289746338,5.885714285714286,-1,script,65,1,1,0,0,0,0,0,0,0,0
0,3063639692373196,https://www.synopsys.com/etc.clientlibs/core/wcm/components/commons/datalayer/v1/clientlibs/core.wcm.components.commons.datalayer.v1.min.904d3c2f1e821ab45124d66de422b409.js,312,628,0.4968152866242038,2.0128205128205128,1,0,1,1,0,0.003215434083601286,0.0,-1,0,0,0,0,0,0,0,0,0,0,0,0,0,0,0,1,0,0,0,3,3,24,0,0.08951048951048951,0.0,3,1.3333333333333333,1.0,2.0,-1.0,-1.0,-1.0,0,0,0,0,0,0,3,0,4,4,29,0,0.04662379421221865,0.0,-1,script,172,1,1,0,0,0,0,0,0,0,0
0,3063639692373196,https://www.synopsys.com/etc.clientlibs/synopsys/clientlibs/synopsys-headlibs.min.5d97876fc8411139dd8be67724acd8d8.js,312,628,0.4968152866242038,2.0128205128205128,1,0,1,1,0,0.003215434083601286,0.0,-1,0,0,0,0,0,0,0,0,0,0,0,0,0,0,0,1,0,0,0,3,3,24,0,0.08951048951048951,0.0,3,1.3333333333333333,1.0,2.0,-1.0,-1.0,-1.0,0,0,0,0,0,0,3,0,4,4,29,0,0.04662379421221865,0.0,-1,script,117,1,1,0,0,0,0,0,0,1,0
0,3063639692373196,https://www.synopsys.com/etc.clientlibs/synopsys/clientlibs/synopsys-pagelibs.min.0e4087ccb5d968d5e9191dd517a06630.css,312,628,0.4968152866242038,2.0128205128205128,1,0,1,1,0,0.003215434083601286,0.0,-1,0,0,0,0,0,0,0,0,0,0,0,0,0,0,0,1,0,0,0,3,3,24,0,0.08951048951048951,0.0,3,1.3333333333333333,1.0,2.0,-1.0,-1.0,-1.0,0,0,0,0,0,0,3,0,4,4,29,0,0.04662379421221865,0.0,-1,stylesheet,118,1,1,0,0,0,0,0,0,0,0
0,3063639692373196,https://www.synopsys.com/content/experience-fragments/synopsys/en-us/global/eda/topnav/master/_jcr_content/root/topnav_copy.coreimg.svg/1678726161934/synopsys-logo-color.svg,312,628,0.4968152866242038,2.0128205128205128,1,4,5,1,4,0.003215434083601286,20.46086956521739,-1,0,0,0,0,0,0,0,0,0,4,0,4,0,0,0,1,0,0,0,3,3,23,143,0.08603024882094648,30.72972972972973,3,1.3333333333333333,1.0,2.0,1.5054945054945055,1.0,4.0,18,73,0,0,0,0,3,0,4,4,28,308,0.04501607717041801,38.023809523809526,-1,image,173,1,1,0,0,0,0,0,0,0,0
0,3063639692373196,https://www.synopsys.com/content/dam/synopsys/topnav2022/silicon-design-verification.svg,312,628,0.4968152866242038,2.0128205128205128,1,0,1,1,0,0.003215434083601286,0.0,-1,0,0,0,0,0,0,0,0,0,0,0,0,0,0,0,1,0,0,0,3,3,24,0,0.08951048951048951,0.0,3,1.3333333333333333,1.0,2.0,-1.0,-1.0,-1.0,0,0,0,0,0,0,3,0,4,4,29,0,0.04662379421221865,0.0,-1,image,88,1,1,0,0,0,0,0,0,0,0
0,3063639692373196,https://www.synopsys.com/content/dam/synopsys/topnav2022/silicon-ip.svg,312,628,0.4968152866242038,2.0128205128205128,1,0,1,1,0,0.003215434083601286,0.0,-1,0,0,0,0,0,0,0,0,0,0,0,0,0,0,0,1,0,0,0,3,3,24,0,0.08951048951048951,0.0,3,1.3333333333333333,1.0,2.0,-1.0,-1.0,-1.0,0,0,0,0,0,0,3,0,4,4,29,0,0.04662379421221865,0.0,-1,image,71,1,1,0,0,0,0,0,0,0,0
0,3063639692373196,https://www.synopsys.com/content/dam/synopsys/topnav2022/software-intergrity.svg,312,628,0.4968152866242038,2.0128205128205128,1,0,1,1,0,0.003215434083601286,0.0,-1,0,0,0,0,0,0,0,0,0,0,0,0,0,0,0,1,0,0,0,3,3,24,0,0.08951048951048951,0.0,3,1.3333333333333333,1.0,2.0,-1.0,-1.0,-1.0,0,0,0,0,0,0,3,0,4,4,29,0,0.04662379421221865,0.0,-1,image,80,1,1,0,0,0,0,0,0,0,0
0,3063639692373196,https://www.synopsys.com/content/dam/synopsys/homepage/2021/imagery/synopsys-hero-banner-1900x500.jpg,312,628,0.4968152866242038,2.0128205128205128,1,4,5,1,4,0.003215434083601286,20.46086956521739,-1,0,0,0,0,0,0,0,0,0,4,0,4,0,0,0,1,0,0,0,4,4,23,143,0.08807858807858808,35.68181818181818,3,1.1428571428571428,1.0,2.0,3.5555555555555554,3.0,4.0,18,0,0,0,0,4,3,0,5,5,28,308,0.04583455130078924,43.148148148148145,-1,image,101,1,1,0,0,0,0,1,0,1,1
0,3063639692373196,https://www.synopsys.com/content/dam/synopsys/play-button-arrow-sm.svg,312,628,0.4968152866242038,2.0128205128205128,1,4,5,1,4,0.003215434083601286,20.46086956521739,-1,0,0,0,0,0,0,0,0,0,4,0,4,0,0,0,1,0,0,0,4,4,23,143,0.08807858807858808,35.68181818181818,3,1.1428571428571428,1.0,2.0,3.5555555555555554,3.0,4.0,18,0,0,0,0,4,3,0,5,5,28,308,0.04583455130078924,43.148148148148145,-1,image,70,1,1,0,0,0,0,0,0,1,1
0,3063639692373196,https://www.synopsys.com/content/dam/synopsys/homepage/2021/imagery/hp-new-world-of-innovation-thumbnail-525x319.jpg,312,628,0.4968152866242038,2.0128205128205128,1,4,5,1,4,0.003215434083601286,20.46086956521739,-1,0,0,0,0,0,0,0,0,0,4,0,4,0,0,0,1,0,0,0,4,4,23,143,0.08807858807858808,35.68181818181818,3,1.1428571428571428,1.0,2.0,3.5555555555555554,3.0,4.0,18,0,0,0,0,4,3,0,5,5,28,308,0.04583455130078924,43.148148148148145,-1,image,116,1,1,0,0,0,0,1,0,0,0
0,3063639692373196,https://www.synopsys.com/content/dam/synopsys/solutions/multi-die/images/multi-die-insight-report-homepage-thumb.jpg,312,628,0.4968152866242038,2.0128205128205128,1,4,5,1,4,0.003215434083601286,20.46086956521739,-1,0,0,0,0,0,0,0,0,0,4,0,4,0,0,0,1,0,0,0,4,4,23,143,0.08807858807858808,35.68181818181818,3,1.1428571428571428,1.0,2.0,3.5555555555555554,3.0,4.0,18,0,0,0,0,4,3,0,5,5,28,308,0.04583455130078924,43.148148148148145,-1,image,116,1,1,0,0,0,0,0,0,0,0
0,3063639692373196,https://www.synopsys.com/content/dam/synopsys/homepage/2021/icons/icon-homepage-silicon-design.svg,312,628,0.4968152866242038,2.0128205128205128,1,0,1,1,0,0.003215434083601286,0.0,-1,0,0,0,0,0,0,0,0,0,0,0,0,0,0,0,1,0,0,0,3,3,24,0,0.08951048951048951,0.0,3,1.3333333333333333,1.0,2.0,-1.0,-1.0,-1.0,0,0,0,0,0,0,3,0,4,4,29,0,0.04662379421221865,0.0,-1,image,98,1,1,0,0,0,0,0,0,0,0
0,3063639692373196,https://www.synopsys.com/content/dam/synopsys/homepage/2021/icons/icon-homepage-silicon-ip.svg,312,628,0.4968152866242038,2.0128205128205128,1,0,1,1,0,0.003215434083601286,0.0,-1,0,0,0,0,0,0,0,0,0,0,0,0,0,0,0,1,0,0,0,3,3,24,0,0.08951048951048951,0.0,3,1.3333333333333333,1.0,2.0,-1.0,-1.0,-1.0,0,0,0,0,0,0,3,0,4,4,29,0,0.04662379421221865,0.0,-1,image,94,1,1,0,0,0,0,0,0,0,0
0,3063639692373196,https://www.synopsys.com/content/dam/synopsys/homepage/2021/icons/icon-homepage-sw-security.svg,312,628,0.4968152866242038,2.0128205128205128,1,0,1,1,0,0.003215434083601286,0.0,-1,0,0,0,0,0,0,0,0,0,0,0,0,0,0,0,1,0,0,0,3,3,24,0,0.08951048951048951,0.0,3,1.3333333333333333,1.0,2.0,-1.0,-1.0,-1.0,0,0,0,0,0,0,3,0,4,4,29,0,0.04662379421221865,0.0,-1,image,95,1,1,0,0,0,0,0,0,0,0
0,3063639692373196,https://www.synopsys.com/content/dam/synopsys/homepage/2021/icons/solution-ui-icons-hp-auto.svg,312,628,0.4968152866242038,2.0128205128205128,1,0,1,1,0,0.003215434083601286,0.0,-1,0,0,0,0,0,0,0,0,0,0,0,0,0,0,0,1,0,0,0,3,3,24,0,0.08951048951048951,0.0,3,1.3333333333333333,1.0,2.0,-1.0,-1.0,-1.0,0,0,0,0,0,0,3,0,4,4,29,0,0.04662379421221865,0.0,-1,image,95,1,1,0,0,0,0,0,0,0,0
0,3063639692373196,https://www.synopsys.com/content/dam/synopsys/homepage/2021/icons/solution-ui-icons-hp-hpc.svg,312,628,0.4968152866242038,2.0128205128205128,1,0,1,1,0,0.003215434083601286,0.0,-1,0,0,0,0,0,0,0,0,0,0,0,0,0,0,0,1,0,0,0,3,3,24,0,0.08951048951048951,0.0,3,1.3333333333333333,1.0,2.0,-1.0,-1.0,-1.0,0,0,0,0,0,0,3,0,4,4,29,0,0.04662379421221865,0.0,-1,image,94,1,1,0,0,0,0,0,0,0,0
0,3063639692373196,https://www.synopsys.com/content/dam/synopsys/homepage/2021/icons/satellite.svg,312,628,0.4968152866242038,2.0128205128205128,1,0,1,1,0,0.003215434083601286,0.0,-1,0,0,0,0,0,0,0,0,0,0,0,0,0,0,0,1,0,0,0,3,3,24,0,0.08951048951048951,0.0,3,1.3333333333333333,1.0,2.0,-1.0,-1.0,-1.0,0,0,0,0,0,0,3,0,4,4,29,0,0.04662379421221865,0.0,-1,image,79,1,1,0,0,0,0,0,0,0,0
0,3063639692373196,https://www.synopsys.com/content/dam/synopsys/homepage/2021/icons/solution-ui-icons-hp-finance.svg,312,628,0.4968152866242038,2.0128205128205128,1,0,1,1,0,0.003215434083601286,0.0,-1,0,0,0,0,0,0,0,0,0,0,0,0,0,0,0,1,0,0,0,3,3,24,0,0.08951048951048951,0.0,3,1.3333333333333333,1.0,2.0,-1.0,-1.0,-1.0,0,0,0,0,0,0,3,0,4,4,29,0,0.04662379421221865,0.0,-1,image,98,1,1,0,0,0,0,0,0,0,0
0,3063639692373196,https://www.synopsys.com/content/dam/synopsys/homepage/2021/icons/solution-ui-icons-hp-optical.svg,312,628,0.4968152866242038,2.0128205128205128,1,0,1,1,0,0.003215434083601286,0.0,-1,0,0,0,0,0,0,0,0,0,0,0,0,0,0,0,1,0,0,0,3,3,24,0,0.08951048951048951,0.0,3,1.3333333333333333,1.0,2.0,-1.0,-1.0,-1.0,0,0,0,0,0,0,3,0,4,4,29,0,0.04662379421221865,0.0,-1,image,98,1,1,0,0,0,0,0,0,0,0
0,3063639692373196,https://www.synopsys.com/content/dam/synopsys/homepage/2021/icons/solution-ui-icons-hp-memory.svg,312,628,0.4968152866242038,2.0128205128205128,1,0,1,1,0,0.003215434083601286,0.0,-1,0,0,0,0,0,0,0,0,0,0,0,0,0,0,0,1,0,0,0,3,3,24,0,0.08951048951048951,0.0,3,1.3333333333333333,1.0,2.0,-1.0,-1.0,-1.0,0,0,0,0,0,0,3,0,4,4,29,0,0.04662379421221865,0.0,-1,image,97,1,1,0,0,0,0,0,0,0,0
0,3063639692373196,https://www.synopsys.com/content/dam/synopsys/homepage/2021/icons/solution-ui-icons-hp-5g.svg,312,628,0.4968152866242038,2.0128205128205128,1,0,1,1,0,0.003215434083601286,0.0,-1,0,0,0,0,0,0,0,0,0,0,0,0,0,0,0,1,0,0,0,3,3,24,0,0.08951048951048951,0.0,3,1.3333333333333333,1.0,2.0,-1.0,-1.0,-1.0,0,0,0,0,0,0,3,0,4,4,29,0,0.04662379421221865,0.0,-1,image,93,1,1,0,0,0,0,0,0,0,0
0,3063639692373196,https://www.synopsys.com/content/dam/synopsys/homepage/2021/icons/solution-ui-icons-hp-iot.svg,312,628,0.4968152866242038,2.0128205128205128,1,0,1,1,0,0.003215434083601286,0.0,-1,0,0,0,0,0,0,0,0,0,0,0,0,0,0,0,1,0,0,0,3,3,24,0,0.08951048951048951,0.0,3,1.3333333333333333,1.0,2.0,-1.0,-1.0,-1.0,0,0,0,0,0,0,3,0,4,4,29,0,0.04662379421221865,0.0,-1,image,94,1,1,0,0,0,0,0,0,0,0
0,3063639692373196,https://www.synopsys.com/content/dam/synopsys/homepage/2021/icons/solution-ui-icons-hp-ai.svg,312,628,0.4968152866242038,2.0128205128205128,1,0,1,1,0,0.003215434083601286,0.0,-1,0,0,0,0,0,0,0,0,0,0,0,0,0,0,0,1,0,0,0,3,3,24,0,0.08951048951048951,0.0,3,1.3333333333333333,1.0,2.0,-1.0,-1.0,-1.0,0,0,0,0,0,0,3,0,4,4,29,0,0.04662379421221865,0.0,-1,image,93,1,1,0,0,0,0,0,0,0,0
0,3063639692373196,https://www.synopsys.com/content/dam/synopsys/homepage/2021/icons/solution-ui-icons-hp-cloud.svg,312,628,0.4968152866242038,2.0128205128205128,1,0,1,1,0,0.003215434083601286,0.0,-1,0,0,0,0,0,0,0,0,0,0,0,0,0,0,0,1,0,0,0,3,3,24,0,0.08951048951048951,0.0,3,1.3333333333333333,1.0,2.0,-1.0,-1.0,-1.0,0,0,0,0,0,0,3,0,4,4,29,0,0.04662379421221865,0.0,-1,image,96,1,1,0,0,0,0,0,0,0,0
0,3063639692373196,https://www.synopsys.com/content/dam/synopsys/homepage/2021/icons/solution-ui-icons-hp-energy-full.svg,312,628,0.4968152866242038,2.0128205128205128,1,0,1,1,0,0.003215434083601286,0.0,-1,0,0,0,0,0,0,0,0,0,0,0,0,0,0,0,1,0,0,0,3,3,24,0,0.08951048951048951,0.0,3,1.3333333333333333,1.0,2.0,-1.0,-1.0,-1.0,0,0,0,0,0,0,3,0,4,4,29,0,0.04662379421221865,0.0,-1,image,102,1,1,0,0,0,0,0,0,0,0
0,3063639692373196,https://www.synopsys.com/content/dam/synopsys/homepage/2021/icons/solution-ui-icons-hp-slm.svg,312,628,0.4968152866242038,2.0128205128205128,1,0,1,1,0,0.003215434083601286,0.0,-1,0,0,0,0,0,0,0,0,0,0,0,0,0,0,0,1,0,0,0,3,3,24,0,0.08951048951048951,0.0,3,1.3333333333333333,1.0,2.0,-1.0,-1.0,-1.0,0,0,0,0,0,0,3,0,4,4,29,0,0.04662379421221865,0.0,-1,image,94,1,1,0,0,0,0,0,0,0,0
0,3063639692373196,https://www.synopsys.com/content/dam/synopsys/icons/multi-die.svg,312,628,0.4968152866242038,2.0128205128205128,1,0,1,1,0,0.003215434083601286,0.0,-1,0,0,0,0,0,0,0,0,0,0,0,0,0,0,0,1,0,0,0,3,3,24,0,0.08951048951048951,0.0,3,1.3333333333333333,1.0,2.0,-1.0,-1.0,-1.0,0,0,0,0,0,0,3,0,4,4,29,0,0.04662379421221865,0.0,-1,image,65,1,1,0,0,0,0,0,0,0,0
0,3063639692373196,https://www.synopsys.com/content/dam/synopsys/homepage/2021/icons/solution-ui-icons-hp-dtco.svg,312,628,0.4968152866242038,2.0128205128205128,1,0,1,1,0,0.003215434083601286,0.0,-1,0,0,0,0,0,0,0,0,0,0,0,0,0,0,0,1,0,0,0,3,3,24,0,0.08951048951048951,0.0,3,1.3333333333333333,1.0,2.0,-1.0,-1.0,-1.0,0,0,0,0,0,0,3,0,4,4,29,0,0.04662379421221865,0.0,-1,image,95,1,1,0,0,0,0,0,0,0,0
0,3063639692373196,https://www.synopsys.com/content/dam/synopsys/homepage/2021/icons/solution-ui-icons-hp-devsecops.svg,312,628,0.4968152866242038,2.0128205128205128,1,0,1,1,0,0.003215434083601286,0.0,-1,0,0,0,0,0,0,0,0,0,0,0,0,0,0,0,1,0,0,0,3,3,24,0,0.08951048951048951,0.0,3,1.3333333333333333,1.0,2.0,-1.0,-1.0,-1.0,0,0,0,0,0,0,3,0,4,4,29,0,0.04662379421221865,0.0,-1,image,100,1,1,0,0,0,0,0,0,0,0
0,3063639692373196,https://www.synopsys.com/content/dam/synopsys/homepage/2021/icons/solution-ui-icons-hp-supply-chain.svg,312,628,0.4968152866242038,2.0128205128205128,1,0,1,1,0,0.003215434083601286,0.0,-1,0,0,0,0,0,0,0,0,0,0,0,0,0,0,0,1,0,0,0,3,3,24,0,0.08951048951048951,0.0,3,1.3333333333333333,1.0,2.0,-1.0,-1.0,-1.0,0,0,0,0,0,0,3,0,4,4,29,0,0.04662379421221865,0.0,-1,image,103,1,1,0,0,0,0,0,0,0,0
0,3063639692373196,https://www.synopsys.com/content/dam/synopsys/solutions/cloud-white-paper-mockup-525x315.jpg,312,628,0.4968152866242038,2.0128205128205128,1,4,5,1,4,0.003215434083601286,20.46086956521739,-1,0,0,0,0,0,0,0,0,0,4,0,4,0,0,0,1,0,0,0,4,4,23,143,0.08807858807858808,35.68181818181818,3,1.1428571428571428,1.0,2.0,3.5555555555555554,3.0,4.0,18,0,0,0,0,4,3,0,5,5,28,308,0.04583455130078924,43.148148148148145,-1,image,92,1,1,0,0,0,0,1,0,0,0
0,3063639692373196,https://www.synopsys.com/content/dam/synopsys/solutions/multi-die-525x315-light.jpg,312,628,0.4968152866242038,2.0128205128205128,1,4,5,1,4,0.003215434083601286,20.46086956521739,-1,0,0,0,0,0,0,0,0,0,4,0,4,0,0,0,1,0,0,0,4,4,23,143,0.08807858807858808,35.68181818181818,3,1.1428571428571428,1.0,2.0,3.5555555555555554,3.0,4.0,18,0,0,0,0,4,3,0,5,5,28,308,0.04583455130078924,43.148148148148145,-1,image,83,1,1,0,0,0,0,1,0,0,0
0,3063639692373196,https://www.synopsys.com/content/dam/synopsys/sig-assets/gartner-mq-thumb-2.jpg,312,628,0.4968152866242038,2.0128205128205128,1,4,5,1,4,0.003215434083601286,20.46086956521739,-1,0,0,0,0,0,0,0,0,0,4,0,4,0,0,0,1,0,0,0,4,4,23,143,0.08807858807858808,35.68181818181818,3,1.1428571428571428,1.0,2.0,3.5555555555555554,3.0,4.0,18,0,0,0,0,4,3,0,5,5,28,308,0.04583455130078924,43.148148148148145,-1,image,79,1,1,0,0,0,0,0,0,0,0
0,3063639692373196,https://www.synopsys.com/content/dam/synopsys/homepage/2021/imagery/expertise-1900x500-purple.jpg,312,628,0.4968152866242038,2.0128205128205128,1,0,1,1,0,0.003215434083601286,0.0,-1,0,0,0,0,0,0,0,0,0,0,0,0,0,0,0,1,0,0,0,3,3,24,0,0.08951048951048951,0.0,3,1.3333333333333333,1.0,2.0,-1.0,-1.0,-1.0,0,0,0,0,0,0,3,0,4,4,29,0,0.04662379421221865,0.0,-1,image,97,1,1,0,0,0,0,1,0,0,0
0,3063639692373196,https://www.synopsys.com/content/dam/synopsys/homepage/2021/imagery/hr-what-were-about-200x200-compressed.jpg,312,628,0.4968152866242038,2.0128205128205128,1,4,5,1,4,0.003215434083601286,20.46086956521739,-1,0,0,0,0,0,0,0,0,0,4,0,4,0,0,0,1,0,0,0,4,4,23,143,0.08807858807858808,35.68181818181818,3,1.1428571428571428,1.0,2.0,3.5555555555555554,3.0,4.0,18,0,0,0,0,4,3,0,5,5,28,308,0.04583455130078924,43.148148148148145,-1,image,109,1,1,0,0,0,0,1,0,0,0
0,3063639692373196,https://www.synopsys.com/content/dam/synopsys/homepage/2021/imagery/hr-our-committment-200x200-compressed.jpg,312,628,0.4968152866242038,2.0128205128205128,1,4,5,1,4,0.003215434083601286,20.46086956521739,-1,0,0,0,0,0,0,0,0,0,4,0,4,0,0,0,1,0,0,0,4,4,23,143,0.08807858807858808,35.68181818181818,3,1.1428571428571428,1.0,2.0,3.5555555555555554,3.0,4.0,18,0,0,0,0,4,3,0,5,5,28,308,0.04583455130078924,43.148148148148145,-1,image,109,1,1,0,0,0,0,1,0,0,0
0,3063639692373196,https://www.synopsys.com/content/dam/synopsys/homepage/2021/imagery/hr-join-us-200x200-compressed.jpg,312,628,0.4968152866242038,2.0128205128205128,1,4,5,1,4,0.003215434083601286,20.46086956521739,-1,0,0,0,0,0,0,0,0,0,4,0,4,0,0,0,1,0,0,0,4,4,23,143,0.08807858807858808,35.68181818181818,3,1.1428571428571428,1.0,2.0,3.5555555555555554,3.0,4.0,18,0,0,0,0,4,3,0,5,5,28,308,0.04583455130078924,43.148148148148145,-1,image,101,1,1,0,0,0,0,1,0,0,0
0,3063639692373196,https://www.synopsys.com/content/dam/synopsys/company/inclusion-diversity-partner-2-logos-womeninstem.jpg.imgw.850.x.jpg,312,628,0.4968152866242038,2.0128205128205128,1,4,5,1,4,0.003215434083601286,20.46086956521739,-1,0,0,0,0,0,0,0,0,0,4,0,4,0,0,0,1,0,0,0,4,4,23,143,0.08807858807858808,35.68181818181818,3,1.1428571428571428,1.0,2.0,3.5555555555555554,3.0,4.0,18,0,0,0,0,4,3,0,5,5,28,308,0.04583455130078924,43.148148148148145,-1,image,120,1,1,0,0,0,0,0,0,0,0
0,3063639692373196,https://www.synopsys.com/content/dam/synopsys/company/inclusion-diversity-partner-2-logos-wli.jpg.imgw.850.x.jpg,312,628,0.4968152866242038,2.0128205128205128,1,4,5,1,4,0.003215434083601286,20.46086956521739,-1,0,0,0,0,0,0,0,0,0,4,0,4,0,0,0,1,0,0,0,4,4,23,143,0.08807858807858808,35.68181818181818,3,1.1428571428571428,1.0,2.0,3.5555555555555554,3.0,4.0,18,0,0,0,0,4,3,0,5,5,28,308,0.04583455130078924,43.148148148148145,-1,image,112,1,1,0,0,0,0,0,0,0,0
0,3063639692373196,https://www.synopsys.com/content/dam/synopsys/company/inclusion-diversity-partner-2-logos-diversityjobs.jpg.imgw.850.x.jpg,312,628,0.4968152866242038,2.0128205128205128,1,4,5,1,4,0.003215434083601286,20.46086956521739,-1,0,0,0,0,0,0,0,0,0,4,0,4,0,0,0,1,0,0,0,4,4,23,143,0.08807858807858808,35.68181818181818,3,1.1428571428571428,1.0,2.0,3.5555555555555554,3.0,4.0,18,0,0,0,0,4,3,0,5,5,28,308,0.04583455130078924,43.148148148148145,-1,image,122,1,1,0,0,0,0,0,0,0,0
0,3063639692373196,https://www.synopsys.com/content/dam/synopsys/company/inclusion-diversity-partner-2-logo-ywca.jpg.imgw.850.x.jpg,312,628,0.4968152866242038,2.0128205128205128,1,4,5,1,4,0.003215434083601286,20.46086956521739,-1,0,0,0,0,0,0,0,0,0,4,0,4,0,0,0,1,0,0,0,4,4,23,143,0.08807858807858808,35.68181818181818,3,1.1428571428571428,1.0,2.0,3.5555555555555554,3.0,4.0,18,0,0,0,0,4,3,0,5,5,28,308,0.04583455130078924,43.148148148148145,-1,image,112,1,1,0,0,0,0,0,0,0,0
0,3063639692373196,https://www.synopsys.com/content/dam/synopsys/company/inclusively-logo.png.imgw.850.x.jpg,312,628,0.4968152866242038,2.0128205128205128,1,4,5,1,4,0.003215434083601286,20.46086956521739,-1,0,0,0,0,0,0,0,0,0,4,0,4,0,0,0,1,0,0,0,4,4,23,143,0.08807858807858808,35.68181818181818,3,1.1428571428571428,1.0,2.0,3.5555555555555554,3.0,4.0,18,0,0,0,0,4,3,0,5,5,28,308,0.04583455130078924,43.148148148148145,-1,image,89,1,1,0,0,0,0,0,0,0,0
0,3063639692373196,https://www.synopsys.com/content/dam/synopsys/company/military-hire-logo.png.imgw.850.x.jpg,312,628,0.4968152866242038,2.0128205128205128,1,4,5,1,4,0.003215434083601286,20.46086956521739,-1,0,0,0,0,0,0,0,0,0,4,0,4,0,0,0,1,0,0,0,4,4,23,143,0.08807858807858808,35.68181818181818,3,1.1428571428571428,1.0,2.0,3.5555555555555554,3.0,4.0,18,0,0,0,0,4,3,0,5,5,28,308,0.04583455130078924,43.148148148148145,-1,image,91,1,1,0,0,0,0,0,0,0,0
0,3063639692373196,https://www.synopsys.com/content/dam/synopsys/homepage/2021/icons/icon-homepage-solvnet-plus.svg,312,628,0.4968152866242038,2.0128205128205128,1,0,1,1,0,0.003215434083601286,0.0,-1,0,0,0,0,0,0,0,0,0,0,0,0,0,0,0,1,0,0,0,3,3,24,0,0.08951048951048951,0.0,3,1.3333333333333333,1.0,2.0,-1.0,-1.0,-1.0,0,0,0,0,0,0,3,0,4,4,29,0,0.04662379421221865,0.0,-1,image,96,1,1,0,0,0,0,0,0,0,0
0,3063639692373196,https://www.synopsys.com/content/dam/synopsys/homepage/2021/icons/icon-homepage-snug.svg,312,628,0.4968152866242038,2.0128205128205128,1,0,1,1,0,0.003215434083601286,0.0,-1,0,0,0,0,0,0,0,0,0,0,0,0,0,0,0,1,0,0,0,3,3,24,0,0.08951048951048951,0.0,3,1.3333333333333333,1.0,2.0,-1.0,-1.0,-1.0,0,0,0,0,0,0,3,0,4,4,29,0,0.04662379421221865,0.0,-1,image,88,1,1,0,0,0,0,0,0,0,0
0,3063639692373196,https://www.synopsys.com/content/dam/synopsys/homepage/2021/icons/icon-homepage-blogs.svg,312,628,0.4968152866242038,2.0128205128205128,1,0,1,1,0,0.003215434083601286,0.0,-1,0,0,0,0,0,0,0,0,0,0,0,0,0,0,0,1,0,0,0,3,3,24,0,0.08951048951048951,0.0,3,1.3333333333333333,1.0,2.0,-1.0,-1.0,-1.0,0,0,0,0,0,0,3,0,4,4,29,0,0.04662379421221865,0.0,-1,image,89,1,1,0,0,0,0,0,0,0,0
0,3063639692373196,https://www.synopsys.com/content/dam/synopsys/homepage/2021/icons/icon-homepage-events.svg,312,628,0.4968152866242038,2.0128205128205128,1,0,1,1,0,0.003215434083601286,0.0,-1,0,0,0,0,0,0,0,0,0,0,0,0,0,0,0,1,0,0,0,3,3,24,0,0.08951048951048951,0.0,3,1.3333333333333333,1.0,2.0,-1.0,-1.0,-1.0,0,0,0,0,0,0,3,0,4,4,29,0,0.04662379421221865,0.0,-1,image,90,1,1,0,0,0,0,0,0,0,0
0,3063639692373196,https://www.synopsys.com/content/dam/synopsys/homepage/2021/icons/icon-homepage-training.svg,312,628,0.4968152866242038,2.0128205128205128,1,0,1,1,0,0.003215434083601286,0.0,-1,0,0,0,0,0,0,0,0,0,0,0,0,0,0,0,1,0,0,0,3,3,24,0,0.08951048951048951,0.0,3,1.3333333333333333,1.0,2.0,-1.0,-1.0,-1.0,0,0,0,0,0,0,3,0,4,4,29,0,0.04662379421221865,0.0,-1,image,92,1,1,0,0,0,0,0,0,0,0
0,3063639692373196,https://www.synopsys.com/content/dam/synopsys/homepage/2021/icons/icon-homepage-news.svg,312,628,0.4968152866242038,2.0128205128205128,1,0,1,1,0,0.003215434083601286,0.0,-1,0,0,0,0,0,0,0,0,0,0,0,0,0,0,0,1,0,0,0,3,3,24,0,0.08951048951048951,0.0,3,1.3333333333333333,1.0,2.0,-1.0,-1.0,-1.0,0,0,0,0,0,0,3,0,4,4,29,0,0.04662379421221865,0.0,-1,image,88,1,1,0,0,0,0,0,0,0,0
0,3063639692373196,https://www.synopsys.com/content/dam/synopsys/homepage/2021/icons/icon-homepage-webinars.svg,312,628,0.4968152866242038,2.0128205128205128,1,0,1,1,0,0.003215434083601286,0.0,-1,0,0,0,0,0,0,0,0,0,0,0,0,0,0,0,1,0,0,0,3,3,24,0,0.08951048951048951,0.0,3,1.3333333333333333,1.0,2.0,-1.0,-1.0,-1.0,0,0,0,0,0,0,3,0,4,4,29,0,0.04662379421221865,0.0,-1,image,92,1,1,0,0,0,0,0,0,0,0
0,3063639692373196,https://www.synopsys.com/content/dam/synopsys/homepage/2021/icons/icon-homepage-glossary.svg,312,628,0.4968152866242038,2.0128205128205128,1,0,1,1,0,0.003215434083601286,0.0,-1,0,0,0,0,0,0,0,0,0,0,0,0,0,0,0,1,0,0,0,3,3,24,0,0.08951048951048951,0.0,3,1.3333333333333333,1.0,2.0,-1.0,-1.0,-1.0,0,0,0,0,0,0,3,0,4,4,29,0,0.04662379421221865,0.0,-1,image,92,1,1,0,0,0,0,0,0,0,0
0,3063639692373196,https://www.synopsys.com/etc.clientlibs/synopsys/clientlibs/dataLayer.min.00771f09b37f2c4d1f873f9b7ac8f11f.js,312,628,0.4968152866242038,2.0128205128205128,1,0,1,1,0,0.003215434083601286,0.0,-1,0,0,0,0,0,0,0,0,0,0,0,0,0,0,0,1,0,0,0,3,3,24,0,0.08951048951048951,0.0,3,1.3333333333333333,1.0,2.0,-1.0,-1.0,-1.0,0,0,0,0,0,0,3,0,4,4,29,0,0.04662379421221865,0.0,-1,script,109,1,1,0,0,0,0,0,0,0,0
0,3063639692373196,https://cdn.cookielaw.org/consent/c3922e14-e9c5-45ad-af19-28880fac108e/c3922e14-e9c5-45ad-af19-28880fac108e.json,312,628,0.4968152866242038,2.0128205128205128,1,0,1,1,0,0.003215434083601286,0.0,-1,0,0,0,0,0,0,0,0,0,0,0,0,0,0,0,1,0,0,0,1,1,24,0,0.08570153251004314,0.0,3,2.0,2.0,2.0,-1.0,-1.0,-1.0,0,0,0,0,0,0,1,0,2,2,29,0,0.04292349308426478,0.0,-1,xmlhttprequest,112,0,1,1,0,0,0,0,0,1,0
0,3063639692373196,https://api.kickfire.com/v3/company:(all)?key=0f4406209bd48327&vlocKey=33e1cf7s3b87c2b9,312,628,0.4968152866242038,2.0128205128205128,1,0,1,1,0,0.003215434083601286,0.0,-1,0,0,0,0,0,0,0,0,0,0,0,0,0,0,0,1,0,0,0,1,1,24,0,0.08570153251004314,0.0,3,1.0,1.0,1.0,-1.0,-1.0,-1.0,0,0,0,0,0,0,1,0,2,2,29,0,0.04292349308426478,0.0,-1,xmlhttprequest,87,0,1,1,0,0,0,0,0,0,0
0,3063639692373196,https://dpm.demdex.net/id?d_visid_ver=5.5.0&d_fieldgroup=MC&d_rtbd=json&d_ver=2&d_orgid=96E61CFE53295EF20A490D45%40AdobeOrg&d_nsid=0&ts=1703091943447,312,628,0.4968152866242038,2.0128205128205128,1,1,2,1,1,0.003215434083601286,1.7166666666666666,-1,0,0,0,0,0,0,0,0,0,1,0,1,0,0,0,1,0,0,0,1,1,24,14,0.08570153251004314,17.333333333333332,3,1.0,1.0,1.0,1.0,1.0,1.0,8,7,0,0,0,0,1,0,2,2,29,43,0.04292349308426478,17.727272727272727,-1,xmlhttprequest,149,0,1,1,0,0,0,0,0,1,0
0,3063639692373196,https://www.synopsys.com/etc.clientlibs/synopsys/clientlibs/synopsys-pagelibs/resources/fonts/Roboto/Roboto-Regular.ttf,312,628,0.4968152866242038,2.0128205128205128,1,5,6,1,5,0.003215434083601286,18.833333333333332,-1,0,0,0,0,0,0,0,0,5,0,5,0,0,0,0,1,0,0,0,23,23,24,0,0.16111888111888112,0.0,3,3.4166666666666665,1.0,4.0,-1.0,-1.0,-1.0,0,0,0,0,21,0,3,0,24,24,29,5,0.0711626332712811,5.551724137931035,-1,font,119,1,1,0,0,0,0,0,0,0,0
0,3063639692373196,https://www.synopsys.com/content/dam/synopsys/homepage/2021/imagery/hw-sw-banner-1900x500.jpg,312,628,0.4968152866242038,2.0128205128205128,1,5,6,1,5,0.003215434083601286,18.833333333333332,-1,0,0,0,0,0,0,0,0,5,3,5,3,0,0,0,1,0,0,0,23,23,23,143,0.15413752913752915,19.146341463414632,3,3.1481481481481484,1.0,4.0,3.0,3.0,3.0,18,0,0,0,21,3,3,0,24,24,28,308,0.06813244112279483,25.319148936170212,-1,image,93,1,1,0,0,0,0,1,0,1,1
0,3063639692373196,https://www.synopsys.com/etc.clientlibs/synopsys/clientlibs/synopsys-pagelibs/resources/fonts/Roboto/Roboto-Light.ttf,312,628,0.4968152866242038,2.0128205128205128,1,5,6,1,5,0.003215434083601286,18.833333333333332,-1,0,0,0,0,0,0,0,0,5,0,5,0,0,0,0,1,0,0,0,23,23,24,0,0.16111888111888112,0.0,3,3.4166666666666665,1.0,4.0,-1.0,-1.0,-1.0,0,0,0,0,21,0,3,0,24,24,29,5,0.0711626332712811,5.551724137931035,-1,font,117,1,1,0,0,0,0,0,0,0,0
0,3063639692373196,https://www.synopsys.com/etc.clientlibs/synopsys/clientlibs/synopsys-pagelibs/resources/fonts/Roboto/Roboto-Bold.ttf,312,628,0.4968152866242038,2.0128205128205128,1,5,6,1,5,0.003215434083601286,18.833333333333332,-1,0,0,0,0,0,0,0,0,5,0,5,0,0,0,0,1,0,0,0,23,23,24,0,0.16111888111888112,0.0,3,3.4166666666666665,1.0,4.0,-1.0,-1.0,-1.0,0,0,0,0,21,0,3,0,24,24,29,5,0.0711626332712811,5.551724137931035,-1,font,116,1,1,0,0,0,0,0,0,0,0
0,3063639692373196,https://www.synopsys.com/etc.clientlibs/synopsys/clientlibs/synopsys-pagelibs/resources/fonts/Roboto/Roboto-Medium.ttf,312,628,0.4968152866242038,2.0128205128205128,1,5,6,1,5,0.003215434083601286,18.833333333333332,-1,0,0,0,0,0,0,0,0,5,0,5,0,0,0,0,1,0,0,0,23,23,24,0,0.16111888111888112,0.0,3,3.4166666666666665,1.0,4.0,-1.0,-1.0,-1.0,0,0,0,0,21,0,3,0,24,24,29,5,0.0711626332712811,5.551724137931035,-1,font,118,1,1,0,0,0,0,0,0,0,0
0,3063639692373196,https://www.synopsys.com/content/dam/synopsys/homepage/2021/imagery/hp-id-background-1900x500.jpg,312,628,0.4968152866242038,2.0128205128205128,1,5,6,1,5,0.003215434083601286,18.833333333333332,-1,0,0,0,0,0,0,0,0,5,3,5,3,0,0,0,1,0,0,0,23,23,23,143,0.15413752913752915,19.146341463414632,3,3.1481481481481484,1.0,4.0,3.0,3.0,3.0,18,0,0,0,21,3,3,0,24,24,28,308,0.06813244112279483,25.319148936170212,-1,image,97,1,1,0,0,0,0,1,0,0,0
0,3063639692373196,https://www.synopsys.com/content/dam/synopsys/homepage/2021/banner-video/synopsys-marquee-8sec-banner-compressed-v3.mp4,312,628,0.4968152866242038,2.0128205128205128,1,5,6,1,5,0.003215434083601286,18.833333333333332,-1,0,0,0,0,0,0,0,0,5,3,5,3,0,0,0,1,0,0,0,23,23,23,143,0.15413752913752915,19.146341463414632,3,3.1481481481481484,1.0,4.0,3.0,3.0,3.0,18,0,0,0,21,3,3,0,24,24,28,308,0.06813244112279483,25.319148936170212,-1,media,119,1,1,0,0,0,0,0,0,1,1
0,3063639692373196,https://geolocation.onetrust.com/cookieconsentpub/v1/geo/location,312,628,0.4968152866242038,2.0128205128205128,1,0,1,1,0,0.003215434083601286,0.0,-1,0,0,0,0,0,0,0,0,0,0,0,0,0,0,0,1,0,0,0,1,1,24,0,0.08570153251004314,0.0,3,2.0,2.0,2.0,-1.0,-1.0,-1.0,0,0,0,0,0,0,1,0,2,2,29,0,0.04292349308426478,0.0,-1,xmlhttprequest,65,0,1,1,0,0,0,0,0,0,0
0,3063639692373196,https://metrics.synopsys.com/id?d_visid_ver=5.5.0&d_fieldgroup=A&mcorgid=96E61CFE53295EF20A490D45%40AdobeOrg&mid=19086238959287144893874509203827431075&ts=1703091945266,312,628,0.4968152866242038,2.0128205128205128,1,2,3,1,2,0.003215434083601286,4.090909090909091,-1,0,0,0,0,0,0,0,0,2,0,2,0,0,0,0,1,0,0,0,3,3,24,0,0.08951048951048951,0.0,3,1.5,1.0,2.0,-1.0,-1.0,-1.0,0,0,0,0,1,0,3,0,4,4,29,2,0.04662379421221865,7.0,-1,xmlhttprequest,168,1,1,0,0,0,0,0,0,1,0
0,3063639692373196,https://smetrics.synopsys.com/ee/v1/identity/acquire?configId=64e044c9-ff74-4a68-94d3-d68d6c752634&requestId=e3c2bde0-458d-4f1b-b95b-2c3eef370020,312,628,0.4968152866242038,2.0128205128205128,1,2,3,1,2,0.003215434083601286,4.090909090909091,-1,0,0,0,0,0,0,0,0,2,0,2,0,0,0,0,1,0,0,0,3,3,24,0,0.08951048951048951,0.0,3,1.5,1.0,2.0,-1.0,-1.0,-1.0,0,0,0,0,1,0,3,0,4,4,29,2,0.04662379421221865,7.0,-1,xmlhttprequest,145,1,1,0,0,0,0,0,0,0,0
0,3063639692373196,"https://c.go-mpulse.net/api/config.json?key=NF6LE-XXX7A-MEUWY-9UVCB-RT7NF&d=www.synopsys.com&t=5676973&v=1.687.0&sl=0&si=5aae9036-7688-4a76-ab41-80820995a62b-s5z65g&plugins=AK,ConfigOverride,Continuity,PageParams,IFrameDelay,AutoXHR,SPA,History,Angular,Backbone,Ember,RT,CrossDomain,BW,PaintTiming,NavigationTiming,ResourceTiming,Memory,CACHE_RELOAD,Errors,TPAnalytics,UserTiming,Akamai,Early,LOGN&acao=&ak.ai=406515",312,628,0.4968152866242038,2.0128205128205128,1,0,1,1,0,0.003215434083601286,0.0,-1,0,0,0,0,0,0,0,0,0,0,0,0,0,0,0,1,0,0,0,4,4,24,0,0.09154481881754609,0.0,3,1.75,1.0,3.0,-1.0,-1.0,-1.0,0,0,0,0,0,0,4,0,5,5,29,0,0.04828892971979789,0.0,-1,xmlhttprequest,416,0,1,1,0,0,0,0,0,1,1
0,3063639692373196,https://cdn.cookielaw.org/consent/c3922e14-e9c5-45ad-af19-28880fac108e/3541fb36-a0c2-4055-a3f5-f157b7f8258d/en.json,312,628,0.4968152866242038,2.0128205128205128,1,0,1,1,0,0.003215434083601286,0.0,-1,0,0,0,0,0,0,0,0,0,0,0,0,0,0,0,1,0,0,0,1,1,24,0,0.08570153251004314,0.0,3,2.0,2.0,2.0,-1.0,-1.0,-1.0,0,0,0,0,0,0,1,0,2,2,29,0,0.04292349308426478,0.0,-1,xmlhttprequest,115,0,1,1,0,0,0,0,0,1,0
0,3063639692373196,https://cdn.cookielaw.org/scripttemplates/6.27.0/assets/otFlat.json,312,628,0.4968152866242038,2.0128205128205128,1,0,1,1,0,0.003215434083601286,0.0,-1,0,0,0,0,0,0,0,0,0,0,0,0,0,0,0,1,0,0,0,1,1,24,0,0.08570153251004314,0.0,3,2.0,2.0,2.0,-1.0,-1.0,-1.0,0,0,0,0,0,0,1,0,2,2,29,0,0.04292349308426478,0.0,-1,xmlhttprequest,67,0,1,1,0,0,0,0,0,0,0
0,3063639692373196,https://cdn.cookielaw.org/scripttemplates/6.27.0/assets/v2/otPcTab.json,312,628,0.4968152866242038,2.0128205128205128,1,0,1,1,0,0.003215434083601286,0.0,-1,0,0,0,0,0,0,0,0,0,0,0,0,0,0,0,1,0,0,0,1,1,24,0,0.08570153251004314,0.0,3,2.0,2.0,2.0,-1.0,-1.0,-1.0,0,0,0,0,0,0,1,0,2,2,29,0,0.04292349308426478,0.0,-1,xmlhttprequest,71,0,1,1,0,0,0,0,0,0,0
0,3063639692373196,https://cdn.cookielaw.org/scripttemplates/6.27.0/assets/otCommonStyles.css,312,628,0.4968152866242038,2.0128205128205128,1,0,1,1,0,0.003215434083601286,0.0,-1,0,0,0,0,0,0,0,0,0,0,0,0,0,0,0,1,0,0,0,1,1,24,0,0.08570153251004314,0.0,3,2.0,2.0,2.0,-1.0,-1.0,-1.0,0,0,0,0,0,0,1,0,2,2,29,0,0.04292349308426478,0.0,-1,xmlhttprequest,74,0,1,1,0,0,0,0,0,0,0
0,3063639692373196,https://smetrics.synopsys.com/ee/jpn3/v1/privacy/set-consent?configId=64e044c9-ff74-4a68-94d3-d68d6c752634&requestId=c203c805-d9b4-44e7-80d2-f0de392c7da9,312,628,0.4968152866242038,2.0128205128205128,1,6,7,1,6,0.003215434083601286,6.1098901098901095,-1,0,0,0,0,0,0,0,0,6,0,6,0,0,0,0,1,0,0,0,4,4,24,0,0.09154481881754609,0.0,3,1.3333333333333333,1.0,2.0,-1.0,-1.0,-1.0,0,0,0,0,3,0,3,0,5,5,29,6,0.04828892971979789,8.818181818181818,-1,xmlhttprequest,153,1,1,0,0,0,0,0,0,0,0
0,3063639692373196,https://pubads.g.doubleclick.net/activity;xsp=5209651;ord=6474711390329222?,312,628,0.4968152866242038,2.0128205128205128,1,1,2,1,1,0.003215434083601286,1.7166666666666666,-1,0,0,0,0,0,0,0,0,1,0,1,0,0,0,0,1,0,0,0,2,2,39,0,0.11688311688311687,0.0,3,1.5,1.0,2.0,-1.0,-1.0,-1.0,0,0,0,0,1,0,1,0,3,3,54,1,0.058969847721895285,0.75,-1,image,75,0,1,1,0,0,0,0,0,1,0
0,3063639692373196,https://smetrics.synopsys.com/ee/jpn3/v1/interact?configId=64e044c9-ff74-4a68-94d3-d68d6c752634&requestId=51364edb-68e9-49f7-aed7-b775eaf4c4fe,312,628,0.4968152866242038,2.0128205128205128,1,12,13,1,12,0.003215434083601286,9.923076923076923,-1,0,0,0,0,0,0,0,0,12,0,12,0,0,0,0,1,0,0,0,4,4,24,0,0.09154481881754609,0.0,3,2.3333333333333335,1.0,8.0,-1.0,-1.0,-1.0,0,0,0,0,3,0,3,0,5,5,29,12,0.04828892971979789,8.941176470588236,-1,xmlhttprequest,142,1,1,0,0,0,0,0,0,0,0
0,3063639692373196,https://static.cloud.coveo.com/atomic/v2/themes/coveo.css,312,628,0.4968152866242038,2.0128205128205128,1,0,1,1,0,0.003215434083601286,0.0,-1,0,0,0,0,0,0,0,0,0,0,0,0,0,0,0,1,0,0,0,1,1,24,0,0.08570153251004314,0.0,3,1.0,1.0,1.0,-1.0,-1.0,-1.0,0,0,0,0,0,0,1,0,2,2,29,0,0.04292349308426478,0.0,-1,stylesheet,57,0,1,1,0,0,0,0,0,0,0
0,3063639692373196,https://www.synopsys.com/bin/cs-info.json,312,628,0.4968152866242038,2.0128205128205128,1,17,18,1,17,0.003215434083601286,13.296296296296296,-1,0,0,0,0,0,0,0,0,17,0,17,0,0,0,0,1,0,0,0,24,24,24,0,0.16783216783216784,0.0,3,3.5384615384615383,1.0,9.0,-1.0,-1.0,-1.0,0,0,0,0,23,0,3,0,25,25,29,17,0.07511611289746338,6.976190476190476,-1,xmlhttprequest,41,1,1,0,0,0,0,0,0,0,0
0,3063639692373196,https://www.synopsys.com/etc.clientlibs/synopsys/clientlibs/synopsys-pagelibs/resources/images/favicon.ico,312,628,0.4968152866242038,2.0128205128205128,1,17,18,1,17,0.003215434083601286,13.296296296296296,-1,0,0,0,0,0,0,0,0,17,0,17,0,0,0,0,1,0,0,0,24,24,24,0,0.16783216783216784,0.0,3,3.5384615384615383,1.0,9.0,-1.0,-1.0,-1.0,0,0,0,0,23,0,3,0,25,25,29,17,0.07511611289746338,6.976190476190476,-1,image,106,1,1,0,0,0,0,0,0,0,0
0,3063639692373196,https://insight.adsrvr.org/track/up?adv=oruz32j&ref=https%3A%2F%2Fwww.synopsys.com%2F&upid=opsf1w6&upv=1.1.0,312,628,0.4968152866242038,2.0128205128205128,1,2,3,1,2,0.003215434083601286,4.090909090909091,-1,0,0,0,0,0,0,0,0,2,2,2,2,0,0,0,1,0,0,0,8,8,29,5,0.11531605649252707,4.642857142857143,3,1.6,1.0,2.0,2.0,2.0,2.0,6,0,0,0,5,2,3,0,9,9,53,42,0.06144322680840825,6.176470588235294,-1,sub_frame,108,0,1,1,0,0,0,0,0,1,1
0,3063639692373196,https://367-mrv-360.mktoresp.com/webevents/visitWebPage?_mchNc=1703091951953&_mchCn=&_mchId=367-MRV-360&_mchTk=_mch-synopsys.com-1703091951953-89886&_mchHo=www.synopsys.com&_mchPo=&_mchRu=%2F&_mchPc=https%3A&_mchVr=163&_mchEcid=96E61CFE53295EF20A490D45%40AdobeOrg%3A11%3A19086238959287144893874509203827431075&_mchHa=&_mchRe=&_mchQp=,312,628,0.4968152866242038,2.0128205128205128,1,0,1,1,0,0.003215434083601286,0.0,-1,0,0,0,0,0,0,0,0,0,0,0,0,0,0,0,1,0,0,0,3,3,24,0,0.08951048951048951,0.0,3,1.3333333333333333,1.0,2.0,-1.0,-1.0,-1.0,0,0,0,0,0,0,3,0,4,4,29,0,0.04662379421221865,0.0,-1,beacon,333,0,1,1,0,0,0,0,0,1,0
0,3063639692373196,https://846-esg-342.mktoresp.com/webevents/visitWebPage?_mchNc=1703091951953&_mchCn=&_mchId=846-ESG-342&_mchTk=_mch-synopsys.com-1703091951953-89886&_mchHo=www.synopsys.com&_mchPo=&_mchRu=%2F&_mchPc=https%3A&_mchVr=163&_mchEcid=96E61CFE53295EF20A490D45%40AdobeOrg%3A11%3A19086238959287144893874509203827431075&_mchHa=&_mchRe=&_mchQp=,312,628,0.4968152866242038,2.0128205128205128,1,0,1,1,0,0.003215434083601286,0.0,-1,0,0,0,0,0,0,0,0,0,0,0,0,0,0,0,1,0,0,0,3,3,24,0,0.08951048951048951,0.0,3,1.3333333333333333,1.0,2.0,-1.0,-1.0,-1.0,0,0,0,0,0,0,3,0,4,4,29,0,0.04662379421221865,0.0,-1,beacon,333,0,1,1,0,0,0,0,0,1,0
0,3063639692373196,https://smetrics.synopsys.com/ee/jpn3/v1/interact?configId=64e044c9-ff74-4a68-94d3-d68d6c752634&requestId=22051116-0dce-4be8-889e-bc564bcdb1c7,312,628,0.4968152866242038,2.0128205128205128,1,13,14,1,13,0.003215434083601286,9.428571428571429,-1,0,0,0,0,0,0,0,0,13,0,13,0,0,0,0,1,0,0,0,4,4,24,0,0.09154481881754609,0.0,3,2.142857142857143,1.0,8.0,-1.0,-1.0,-1.0,0,0,0,0,4,0,3,0,5,5,29,13,0.04828892971979789,8.666666666666666,-1,xmlhttprequest,142,1,1,0,0,0,0,0,0,0,0
